,0,1,2,3,4,5,6,7,8,9
0,-0.2188855431413866,-0.05168549677089554,-0.00532706445969639,-0.027925068931707153,-0.10287806025735072,0.0013934096543709034,-0.08219781532963649,0.0507359890000049,-0.032292052128205254,0.12903343215612367
1,0.03826305884091548,-0.09805361902210606,0.10301292380478769,-0.1065924367346266,0.0489162035035163,-0.15746938461456797,-0.050717722053287,0.05179130800832047,-0.08936080681915906,0.032547955851177306
2,-0.051701309853322205,-0.013841275053474876,-0.18935473089719945,0.10435763940227828,-0.005673351947882481,0.014874496098272573,0.05358206500534032,-0.24480623566018977,-0.07604455563842806,0.058162596070877884
3,-0.06029917275374721,-0.07683305773630593,0.11201174706980628,0.07750082835703422,-0.12698819879147588,0.006968971762907898,-0.051647311182844755,-0.12804903617819544,-0.010732829372258187,-0.05767029992634188
4,-0.0216121404222189,-0.010250770579345283,-0.13193665827855822,-0.019045716461919982,-0.1459807141411883,0.07740478308566238,0.009878831096964106,-0.04558438230465201,0.13725799603467606,-0.09169829808366768
5,-0.01033198176951677,-0.15709282094028718,0.02244724317017949,-0.16472297128061023,-0.13026114048042356,0.0814940949232553,0.10127599075780284,-0.18380090249463457,-0.016171617236140433,0.07885141940376025
6,0.06393155801567287,-0.05756442989893942,-0.03021025833005469,-0.06568224904568241,-0.1600074505653451,-0.006510708264732001,0.16875440371908781,-0.0017442353150185714,-0.22909631429299582,-0.02117960233706249
7,0.033438208209605455,-0.04473763030570066,0.060252016098204894,-0.033906917318330204,0.05444799095755443,-0.19458848205326643,-0.02959497693954051,-0.034345581549434546,-0.11299965014475674,0.09380214022911058
8,-0.14079703580472983,0.11479976877358201,0.02078807225194647,0.07941617032940815,0.0785342900356023,0.03475746851802519,-0.1316042893482872,0.015748844112176988,-0.02107743985690477,-0.03444749011096969
9,0.08806922902632815,0.1619377203358791,0.03871392728458016,0.026657973838928723,0.04118948526664232,-0.10113579480146581,0.09389389180880868,-0.14403812836276983,-0.10801689075678467,0.1476821775554394
10,0.03591097642687827,-0.10403372649124325,0.0032524376681398815,0.035605387760400675,-0.18592362581228122,0.0863358420686426,0.02816551934878548,-0.03821986773710563,-0.012640195859347819,-0.04646986517642537
11,-0.012123495561624568,0.004021887304629628,-0.03166664015145988,0.07753384548546152,0.07009251966768218,0.03456822464696034,-0.15703939071137107,-0.09177551522486568,0.04904217354800956,0.026258426492977226
12,0.11609146900386402,-0.10584462939385483,-0.04219048205105198,-0.08419926715570564,0.027726647425003578,-0.07630509958133076,-0.25717291338844034,0.004254108457560755,0.08095046136026363,-0.05509375221293505
13,-0.045638525087294345,0.19334082819230677,-0.02572183492611309,-0.12318436164324538,-0.026794970455907733,0.2126598284887261,-0.15857761859757777,-0.023148582403367805,-0.29502620113993755,0.00858132833456658
14,0.03609856710767062,0.15396511837632737,-0.07390408490206728,0.029270074229234094,-0.24999975742404604,0.020469709414037165,0.010230454517503028,0.0862539127564959,-0.08287375601873775,-0.024570913212083694
15,0.03944739266084823,-0.0600101594365684,-0.06048889591179514,0.11282017871849036,-0.01720335393043801,-0.12021512658456938,0.0647872175172244,-0.0807642619669616,0.06196764664300982,-0.025792704185979547
16,-0.15784176748318388,-0.020261036145528783,-0.03764541973673377,-0.08361491294732981,-0.17607749204808867,-0.1763940742112925,0.05299582820172707,0.1878262288365649,-0.07800754676763721,0.030998669863904385
17,-0.1480695314490491,0.036853836008924064,-0.14650971518887096,0.007120008891263261,0.17190937720473526,-0.14408696154067815,-0.13347438739079615,-0.11736682630798766,-0.011145756744569255,0.06289133513077783
18,-0.034932279555656115,0.07661762551769237,0.2829918240820033,0.05804344815332963,0.025569634572296877,0.053388051150679426,-0.08350252575523745,0.05537151312372907,0.03934364581906466,-0.07074088705384118
19,-0.05467167069367545,-0.14717231658498972,-0.11821472776147247,-0.003558858136466679,0.023621770026045135,-0.1594309438190414,-0.0073341812227643716,-0.09684110626540607,-0.0345955961951302,-0.05641196842839372
20,0.01781695773860226,0.1427268549040493,-0.12941285304146394,-0.12273013143943973,0.09814990939754076,-0.03891597230608922,0.18897655876299366,-0.02309425964102131,0.02800668121290403,-0.10725587778759571
21,-0.09886539142127027,-0.1547954329122695,0.009188989927001843,0.00729514387487625,0.0063284029364715985,0.012260508718917549,-0.061490395859062394,0.15602774704378145,-0.12888547124949284,-0.08567171385635157
22,-0.04925987280107694,0.21453539741381789,0.06182953775043437,-0.13961696610411645,0.18894143851723944,-0.022616661827811406,0.03387486633414387,0.2070994066013728,0.07297287577424987,0.04070731721311077
23,-0.06564378500010845,0.06633925851910623,-0.06144280719358553,0.13702146165019138,-0.13795756275282314,0.07416463782210547,-0.017807421559516784,0.08011255811679147,0.033134825234217735,-0.009647999541247593
24,0.037969848795212514,0.056501243084157195,-0.003432815384727397,0.0004886618267871673,0.09145164262357215,-0.13253549905451467,0.03779997434517253,0.01349240674507796,-0.01718491734420905,0.01133084847462192
25,0.05987307587408137,-0.010832808311513842,-0.12432123326486919,-0.01339747834452146,0.002831903882659148,0.19190415053697385,-0.02483926025857159,-0.07865928834641438,-0.245126730615932,0.10464512449399044
26,-0.002523040090139663,0.09133978360147385,0.10415331740489567,-0.27976009746745306,0.03263985457552043,0.04985265105547138,-0.04613905490963158,-0.0048150682424494785,-0.1408284744534811,-0.006271089638289939
27,0.14861538550799458,0.028058019616329078,-0.06223087549904335,0.03511115543819537,-0.11726728559093197,0.12796068129303295,0.03152938761237794,0.10803312822985979,-0.14537982593539373,-0.06380828880686853
28,0.05194851849172291,-0.05310019083467339,0.16357561026813217,-0.004334821073237439,-0.0038018923088819585,-0.10679573259934413,-0.0054237292778711345,-0.09147872758321272,-0.1454392324477813,-0.06230162132739367
29,0.05643409094770213,-0.023253958623245925,-0.117565659562471,0.16788317432896635,-0.07338563287582471,0.14462984889540242,0.009949537905346934,-0.1153472633392006,-0.087463294466981,0.006147058966042424
30,0.05722356355333376,0.12678194624530745,-0.019205968697303226,-0.1282683640723082,0.1093066597192861,-0.2347228555509228,0.03485880468615046,-0.05208404652514663,-0.015332720954208236,0.13142104620241388
31,0.008250430635407962,0.1312099876678326,-0.00992569781613786,0.039288499870502765,0.08879771410446105,0.07412610628768083,0.16943843619921703,-0.03221644682558609,0.025805084901363035,0.024490443469875105
32,0.0253184139680199,0.03108357683411175,-0.040995164208386975,0.06148308883999383,-0.0034527728863364754,0.013440152640941127,-0.14030116747265317,-0.020972309456800713,-0.02913011838864947,0.09270193212908563
33,0.06954768539094915,0.010686995203175563,0.031124044953930202,-0.03328107990463001,-0.09437615464399574,-0.0036166353906532086,0.05178567840760943,-0.09863148312654697,0.016093094528492134,0.015373568075260661
34,0.03087851903995836,0.03540017743381089,-0.1108630511723501,-0.014024622167525978,0.06904435646002878,-0.23267778400427402,0.10083797178559757,-0.19330974875567125,-0.09331780319581237,-0.10023935082690892
35,0.019557608694979214,0.15051761646036366,0.11907964635772621,0.1371234661888993,-0.01670068738878837,0.03511319272675269,-0.02238431652770125,-0.0038512746167254815,0.023751252777489358,-0.1063154896532572
36,0.12830015864034333,-0.056753841795770775,-0.02608636722979914,0.08730868003868493,-0.03325405387534312,0.049349949755223464,-0.03889569553222878,-0.12209209139186347,0.19906203668323008,0.03872904887572444
37,0.16759146687181956,-0.11288045159540047,-0.08112554401787672,-0.10382275460858581,-0.04433600862513472,-0.031140039673197176,-0.016317549835764073,0.026932074743111833,-0.1096269512770188,0.13066445780740968
38,0.08628473301725173,-0.07358914986663244,0.0005551678313181792,0.035619230820320924,-0.09747668840217041,0.004052738408042013,0.1325490898859837,-0.1355100732793853,-0.13337682771869888,0.06618598517768402
39,0.008358504780479144,0.2106368865498002,-0.01929001872184501,0.03393046458962529,0.017174118209802205,-0.018752059147765704,-0.05888008057623133,0.13144384715753468,0.030929671846466278,-0.07863403577805403
40,-0.06930563586380806,-0.01638441600896182,0.02235166045849342,0.058313098771942976,0.0020332445319460215,-0.015331974254094776,-0.11042486708510209,0.04577463339459282,-0.09200431020753064,-0.021425024386343423
41,0.03621169795369851,0.03390058371997983,-0.02574993686188023,0.17615718052411936,0.0920536871531544,0.21254381294068217,0.014090551823709085,-0.10602019316179799,-0.088260739154729,0.20530273571569935
42,-0.14989971364458535,0.1109198884569756,-0.0870068958667791,-0.04366796492567245,0.08051394018410066,0.023398730005722856,-0.16990303030718218,0.11331553345345179,0.08413077423572984,-0.0168414039049104
43,-0.0550198696406163,-0.026761624280161378,0.03926706742056399,0.0222434697898453,0.05949378458476989,-0.020916472073813405,0.0341761835566722,-0.07360465270003562,-0.004286988847268316,-0.03183515328289789
44,-0.155969112741379,0.06196189276491296,-0.05730678001343693,0.00634557507533119,-0.01908395399444064,-0.14747161787388674,-0.0071791832764947555,0.06895368302873356,0.01869269087756097,0.12447755168069563
45,0.13834106509522148,-0.05974066634313835,-0.004114168501445422,-0.07079292046568826,0.09955366649346375,-0.0962678997255873,0.057115331262034726,0.033637196472991154,-0.11603300077788488,0.026972445657876844
46,0.08487534626137858,-0.07458774942118027,-0.08092076175748991,0.0222001290682916,-0.0032888156142651206,-0.04951603299904009,-0.08250489401699358,0.03608551694138849,0.0412724754326772,-0.06731774913493516
47,0.11885113922025309,-0.17016893576352762,0.07018662670629698,-0.15335737177561165,0.12247363838264731,0.053062004078120055,-0.057934125009874694,-0.12851814590606545,0.0009244277194272992,0.02578249543065744
48,0.05411487764513953,-0.07021299763793089,0.1045319777546684,-0.058419148696229314,-0.17039547030108115,0.19407753142619988,-0.0046451797761363845,-0.03461368977774944,0.036648592873404336,-0.036924554774006316
49,0.1427959293623684,0.11605507819714794,-0.13859462704106815,-0.17631946484731006,-0.07378554471995052,-0.040117061818755684,-0.017420834817144803,-0.14674982337829448,-0.15446356582231294,0.09550325997859686
50,0.042341106169115364,-0.04682919861925231,-0.053820985411749345,0.025976141614561563,-0.013688282186976184,0.03470033262192193,0.19834187916609816,-0.03654654251684288,0.015596674252082292,-0.06937226679660048
51,0.01638065715956528,-0.1013997743332678,0.012943998138938225,-0.07267917269390321,0.05820460829889142,-0.0597109712077632,0.10638079089786633,0.051035957160116635,0.021752500033797938,0.10326308351707199
52,-0.044472110049860646,-0.12643686918996347,0.014177644626921272,-0.013700600494290232,-0.019684754505419653,-0.17710237524875952,0.12360592681789578,0.21071537992787426,-0.21398435971309862,-0.0535995355026008
53,0.07130589965462285,-0.018961140839663486,0.04033705082896657,0.06415235749385173,0.008124576875653523,0.050009538935579106,0.03167104705841912,0.06110872209472688,-0.011263971360470176,0.059474014719306315
54,-0.09449746706235201,0.16095626278439645,-0.0859303274742491,0.07252952726657103,-0.06794779255086232,0.020032993756672633,-0.14930292819152305,-0.06382621706916117,0.04570398010449605,0.0384814001152236
55,0.06196719752920976,0.03040325318834571,0.13859183326727234,0.07925469503208434,-0.1747618619753524,0.14347595237068655,-0.07419076078512485,-0.10379430364400907,-0.03090331702875309,-0.23305724403531314
56,-0.05582420259394873,0.06829039209446015,0.10701799101697664,-0.061009467991782994,0.007694458421373087,-0.07275448774936594,0.12313192763672302,-0.06952908211260617,-0.05541894220393997,-0.033096143836640765
57,-0.0029918909776097875,-0.024523429740874396,0.07050956703687898,0.01045337698917124,0.05380633599698607,0.05826293265505935,-0.08580392588555409,0.038157703590635424,0.0254583377858161,0.08761989988515102
58,-0.1173125780092837,-0.12194664045303466,-0.01768365362026553,-0.08775475262339678,0.10346345054549094,0.004104130757346747,-0.028441674013752534,0.03827579341476711,-0.06792539438383927,-0.020702883654994755
59,0.02422499212158947,0.08091356957027497,-0.05690610116181188,-0.0741213201110644,0.10015325443418457,-0.005347513495667892,-0.11182962922329089,0.05828625636668709,-0.20336666359594197,-0.24689437639699707
60,0.04089316220105138,0.001299525737860911,-0.045944909208178786,0.0539151504671605,0.06657535580591836,-0.07363427550119417,0.059486319859457897,0.10039398738058683,-0.014632102909130982,0.08008708577685042
61,0.07239723358395264,0.01880653652156551,0.043021293652608594,-0.03746702781420304,-0.0586324243947557,-0.18157676685471602,-0.1275571393183504,-0.01969039869059669,0.21528680440365713,0.037314388045588634
62,-0.009978665986293805,-0.038626944503209075,-0.059850306267650914,-0.05761076984220647,-0.026302826854216563,0.046545458105153086,-0.065551683163695,0.05301862073005949,0.14962176733906904,0.091386147455157
63,0.006588289801798764,0.035168041673206904,-0.11948416638205545,-0.01168017380579911,0.026572114803003772,0.22736235781153946,-0.07939793774105437,0.07721147194336696,-0.2771522760685332,-0.1857080595598472
64,0.16829107277408878,-0.04858248579513311,-0.01266530334494152,0.03783754546892157,0.03306017880555326,-0.013446829464149976,-0.05083157823636888,-0.11884131675982257,-0.19365974438992467,0.05315144880549422
65,-0.11989488125382744,-0.06519454422196731,0.14555293736374011,0.11448652711985552,0.0892941162632381,-0.10180129251522686,0.06563050399731123,0.18811864528837155,-0.12013585548048877,0.10877918898659898
66,0.10385822629519927,-0.0014333878355569654,-0.05586727660764855,-0.0071433550601923326,0.09248825432895304,-0.04003328588221497,0.056080560665443834,0.044521435557741136,-0.08719331419561953,0.007954293079998152
67,0.010028944454119119,-0.003963929087586201,0.04509164859280378,-0.01533508655045629,0.0013223310570850803,0.02247057507441232,0.07403712512088326,-0.10257365569490094,0.029133557274192777,0.06384792740207494
68,-0.16982487370333152,0.04450829005348227,0.03713156425351397,-0.0618383491377202,0.07546231213737446,0.04702782971572574,0.1743713403044898,-0.0585133581143236,0.056948316890655756,-0.06416960229437071
69,-0.07080091664089389,0.01758990452212937,-0.016855702348206533,-0.1432529797122866,-0.054810634743202954,-0.010392558076988356,0.021376352724722464,0.017766059445386752,0.13506406124596734,0.007999577703708103
70,-0.06520916688031687,0.05839885290897581,0.22840601644183806,-0.2323645505731095,0.0968861133291165,0.01770331041718549,0.050541356563557134,-0.025025165773546135,-0.14084246758395116,-0.08004829581935013
71,0.0631336316485777,0.11193796875373349,0.06281868719646112,0.10100435560173376,-0.15594344336885738,-0.13576834015871062,0.014993918771380408,0.12193268396163368,0.009558249587329974,-0.018065073977197546
72,-0.11594049126577573,-0.15357420253488624,0.0634262421183101,-0.15060010316430272,0.01826163749170209,-0.13239246282967598,0.19847847806485958,0.037887449361117265,0.007248191025416217,-0.055667834834395906
73,-0.10994908616673585,-0.11088153640915684,-0.0749537584217262,0.04931412984569241,0.015757463979255513,0.028448914512697158,0.010264480036698748,0.03030315990568067,0.0823804660092245,0.006582821660977629
74,0.054604194641433595,0.08976495124508845,-0.06586008958760124,0.13024460024883408,0.03584287855030094,-0.018110052908536976,-0.15478053041568143,0.03236365903058906,-0.04832524183747735,-0.07891294291249981
75,-0.005229252451221502,0.029170309430678,-0.2164906832600927,0.028614406476068284,-0.21524041532158214,0.10367976238507613,0.06983429040375219,0.10763755448693518,-0.11675758334662348,0.032851159086851794
76,-0.06584055337488745,-0.15612413905455047,-0.05225379339585297,-0.0019144220157982972,0.13108785231174835,0.0752749952404591,0.07911595500425157,-0.0297509859843805,-0.09696151589914843,0.04988382729807632
77,-0.006373825125429714,-0.015754511775307498,-0.017016230741055457,0.09330626053634646,0.06326836455782114,-0.020698511010669298,-0.11279462101797791,0.04671729256304316,-0.07514151871684442,-0.038436030291431555
78,-0.16543700871330372,-0.09358985371874552,0.19971848270049605,0.15234112751712145,0.01108289799918158,0.13810825156478074,-0.09493438988997376,-0.017478571315949026,-0.10940509594527084,-0.13930139139435824
79,0.09526638986105819,-0.07310854021519973,-0.11764177541707846,0.03249500910946395,-0.04399626621446389,0.13649171777306787,0.004397225436846743,0.034921555343626016,-0.01761150500515357,0.05749126362339316
80,-0.11958545360520263,0.0647427580799008,0.06998601874850563,0.03821944258334701,0.0026280915122349605,-0.05825674396721048,0.2060568193140364,-0.07736269089820914,-0.08597359017500948,-0.18300524952992758
81,0.07662502469099108,-0.1349244551053521,-0.06182921750754441,0.13340771267801643,0.13791312823524143,-0.06023808158211794,0.0844518166663464,-0.03728879234587744,-0.09086974726298183,-0.07197327632700111
82,0.0021206164133145853,0.0696074204250551,-0.12029028000058259,-0.05678622820134,0.14437328811492728,0.06600589347386808,0.08881262878324991,-0.08301135405682504,-0.09975175921959689,-0.1634006901200949
83,0.038429792879966514,0.08035690737836429,-0.06898885723559885,0.09040990877273533,-0.05604556339951593,0.11505020891368091,-0.09915300042135312,-0.05890156772563323,-0.1305092749003449,0.02602454425879414
84,0.06756352211229706,0.014778125271747853,-0.1455490689585697,0.019221492006076674,-0.020126400034236755,0.10477985562759126,-0.10857357777412459,0.011135674351863597,-0.10080958534189403,0.047580290717706704
85,-0.02427737129036912,-0.06423022410801425,0.11428107930426686,0.15157955829396422,-0.10067434321109482,-0.07458905787224322,-0.14510875883476185,0.11025075248113074,-0.08598177896709304,-0.25783482003515035
86,0.021959627818077993,0.23374041224088984,0.03932986382067419,0.09753452223328825,-0.05218788467009865,-0.12774457367813263,-0.03699878187007778,-0.024305830149225847,0.00997857912102842,0.10362688017268883
87,0.14482965266053469,0.11842728920290158,0.05109501446783763,-0.055317798329219195,0.048188632269116356,-0.3009206736901451,-0.14740477901154483,-0.05145901398829895,-0.06441590105991939,0.13075945480959866
88,-0.087157490161628,0.08742282535789378,-0.004750200886670519,0.10171859406403555,0.03089482797155925,0.011166784581747982,-0.065261332463388,-0.09607946479203723,-0.026614801967309816,-0.03172492975522801
89,0.04417863752586284,0.011643549555250373,0.04920911289207009,-0.05927024127163121,0.08007831611922489,-0.08766306756243972,0.09277436123196543,-0.07433669005193605,0.10540265750066466,0.050382803640840274
90,0.058623673234623,-0.06194684548886825,0.012522722651905353,-0.008178008167438458,0.03499396166615163,-0.1277466346272389,0.032135244747182906,-0.03835941868859395,0.18649493735407904,-0.14522704688414345
91,0.1869294448659497,0.0501860074054789,-0.185724078542049,0.01312686041687276,-0.18679888742046852,0.0997417498423299,0.049905484333613755,0.07818166854229519,0.026359438109476992,-0.012624637784420127
92,0.024332002112289728,-0.2028401129805786,-0.09312621935898738,-0.16699864245763624,0.014799277601865677,-0.024280129235246774,0.18998829143876217,0.015371146992230222,-0.1276538388464434,0.056269626346285365
93,0.12783215987420515,-0.04671286014229207,0.12604227392471842,-0.07947365691091787,0.1152464115916652,-0.17054035646932159,0.09499846450533204,-0.12758825386574726,-0.07370456901308428,0.04767345900280719
94,-0.04513762722181737,0.06859555792705076,0.07963785514527931,-0.11987731098104558,0.20988130352616463,0.056468073617590646,0.08771941248426009,0.03586700823044279,0.03925419567743037,-0.34527176235411966
95,-0.08500650796047937,-0.1295742290083606,0.02956773232395418,0.041814304930343445,-0.041750495812249475,0.10427968966311647,0.1663472546498195,-0.12796300340148062,-0.0030767208581566666,-0.0012330495882438243
96,-0.0028121861755787485,0.048338162705617235,0.10899911668025496,-0.225663882541563,0.2080190482045648,-0.18208478443510503,-0.06780048148191696,0.07733761963784544,-0.17242047031712193,0.0014031377320948956
97,0.029808066452256605,0.1694506999735322,0.2212590993661066,-0.03516599414361507,-0.04997242554821017,-0.06821803355865319,-0.22638906222850633,0.17320472869994966,-0.0021677342078470834,0.028583966582179942
98,0.09588369490009208,-0.053363912153769406,0.07523454464217741,-0.035309552419699415,0.06383748016720588,-0.007120646924837423,-0.12002308163539083,0.21377205676637243,0.08329895522895389,0.07941507415990443
99,0.04877239479358768,0.11217394254784094,-0.011944649397863702,0.13063318625675066,0.07222864095878218,-0.09667923320248872,-0.135457013394598,0.035904003917298095,-0.07125548112979105,0.1195978386179455
100,-0.004101555625585856,0.16621241444803578,0.050224744136584246,0.1569633632058995,-0.026191533191081966,0.038221686890745454,-0.08162087079905377,0.01950728974012562,-0.006124355149214723,0.04364591090485677
101,-0.017761145923367732,0.07085882966814218,-0.22194477149098712,-0.055281450716353264,-0.0929123589790475,0.09120889416945602,-0.09319820581546301,0.06487772232304068,0.05439173173049924,-0.16995339467139353
102,0.19167049909353953,0.11375205886948475,0.21805879558759056,0.18347288038419596,-0.06473776893049092,-0.059044240193562365,-0.22949157226434888,0.07977775576557025,-0.14306759252723542,-0.11380391019138486
103,-0.0854253048228804,0.08234709518475644,0.23746856074931194,-0.0569458081651742,-0.06525871009255554,-0.02416372710304404,0.07692508084529172,0.014422320621142768,-0.1805846334559814,-0.12273301739718515
104,0.012815671564850866,-0.15345062834222206,0.11521676159741245,-0.06818630810775429,0.0031348710014678623,-0.004728719243342246,0.1375315695551468,0.1239185130899976,0.19861914637436698,-0.15013854395509618
105,-0.02987533682383683,-0.04136900244139314,-0.06058432914619787,0.05122277654126329,-0.023290954253587074,0.045902392286048053,-0.02596218128582116,0.10780145304549324,0.12895289203977653,0.0552338726954891
106,0.012689169561300624,-0.0034474610221758694,0.02610497085621976,0.03936825368240162,0.05872804279657603,-0.0705046992728057,-0.13090885127367724,-0.08933070004985218,0.04923707044315874,0.09690392518067635
107,-0.11908266142356046,0.07592903030194333,-0.11640269904410752,0.07160544934892707,0.034800791657247726,0.09062775656892068,0.051458881525012046,-0.14293283600172796,-0.03473651865662386,0.004209027592982339
108,0.08495479003866792,-0.024441194365424773,-0.05494037188151197,0.09719101584497884,0.10831995962145208,0.15791709835527454,-0.0689395966210824,-0.013249819659055483,0.01622187635958193,0.03313681736826743
109,-0.028284360134554924,0.018019489837038848,0.05327624352108357,0.005054509296839773,-0.15491647960820742,-0.17424358125947156,0.034916675203268625,0.011077771731340927,-0.04669696265483323,0.032461201487172575
110,-0.03464936953053173,-0.1900043743502423,-0.07559646596781597,-0.21168126112551605,0.05659258536871358,0.2881736900615078,-0.1188609801992638,0.10219351649593232,0.05152480855050037,0.0786918445407884
111,-0.13384365677757581,-0.12861309631266513,0.08602489321538087,-0.016159113320929303,0.008823196694357592,-0.03646157521561081,0.0777776029547866,0.14399667237373648,-0.1601760938040832,0.06543585508263598
112,0.11931619438661051,-0.12001640619064216,0.04161068453164922,0.0531237039213706,-0.12071395812577576,0.03301732391297292,-0.0088367383041416,-0.09882805622491271,-0.01643225506393656,0.017194271140067854
113,-0.03073340140125547,-0.1323979235417465,-0.06681662842496812,-0.07899610045716701,-0.008258842665212004,-0.018724964342765854,0.022865791654565547,-0.012905855904265188,0.0023763177370102824,-0.07147718232270707
114,-0.031960761298895295,0.12536218922371067,0.06941341109271953,-0.013917971041041663,0.050178464017513594,-0.13045631469187335,-0.13645162830125965,0.0594563885346353,0.016670208878537335,0.045141914500411745
115,-0.0547971514715128,-0.13338272869402468,0.01312297962046084,0.11395219142960038,0.1263932294325218,0.031710040869264995,-0.19885755512015474,-0.03274244694733404,-0.006361468159769038,0.043405836391984566
116,-0.1935183016628936,-0.04872546723338558,-0.22916836454945227,-0.01185698957417075,-0.02549073100147473,-0.05813067480230322,-0.052715937434191056,0.023093563332697326,0.09277557289556539,0.09342891685822198
117,-0.08965024257400081,0.11565548979816313,0.010183047321843743,-0.013280978086772442,-0.16892918969473691,0.0733650771639468,-0.027054020815851978,-0.08492102771050566,-0.0210056290463439,-0.04783382625107935
118,-0.10549908364581649,0.09703530899958782,-0.16615756643664248,0.20614508575695042,0.18449179705620292,0.0021773490705932694,-0.05681886201617129,0.012166010112415136,-0.05951093248008266,-0.027300669229637482
119,-0.0743515211484034,0.11451934066760962,-0.0779368611641432,-0.0836471598849784,-0.21999794308561813,-0.16702397980079917,0.13653396126914322,0.044556517789214774,0.0625411214433469,0.0025563464555579903
120,0.140872880566243,0.014372169534319277,0.13817130482525586,0.08025171346724122,-0.17624858348004097,0.07747887443674843,-0.06111960677013198,0.04241180788085325,0.08457821997641328,-0.09600159560524701
121,-0.11519438256660859,0.14858318603498033,-0.030202611748982568,-0.07394595625085844,-0.07910092203804553,-0.0002893590854733766,0.1568027914655608,-0.08374633553904981,0.030441407023392302,-0.07043626604992034
122,-0.04855790029081067,0.08211793489997794,0.01666664170330397,0.11444371084626151,-0.1422086519595931,-0.06065896736752006,0.15746759584237943,-0.08781635475356363,0.14650195471750133,-0.05562550751217332
123,0.05667892261821554,0.01499003305277137,0.08965639621990527,-0.1354178266219578,-0.00484948255494249,-0.1032414355906124,0.12327372252802471,-0.14365764196968867,-0.0871735435710381,-0.14926073399411147
124,0.08889735488832022,-0.1555949413715252,0.19716921778389135,-0.1647728372965142,0.03868492427184021,-0.025665921306909405,-0.04667169903048963,-0.11167836623429198,0.07945870848771097,-0.030854793198611168
125,0.05174856608004032,-0.003112125562856078,0.04836932235664196,0.07964762112098336,-0.009230068091324727,-0.023798143504975753,-0.12115651658510648,-0.06986379136525106,-0.1654268548663009,-0.06927629753583138
126,0.19173276783215107,-0.1008674882432058,0.0016949102899331265,-0.13101433982581653,-0.008238069178323582,0.06171515756800877,-0.06893372196431571,-0.002427804486750387,0.13082082353194624,-0.13383441726744846
127,-0.10530675939843429,0.08911161662012258,0.06203136092280047,0.042065250892589015,-0.07405524065975502,2.219091541412811e-05,0.04521965294803765,-0.01769753974266067,-0.003232180318205941,-0.18948926188602877
128,0.05384226674557046,0.15685798923909713,-0.1153927736146648,0.09093086820285008,0.1152090074898377,-0.20430977009998713,0.032327255014978074,0.03692736080795266,0.18627808392494824,-0.017529528642571974
129,-0.2058497729578836,0.1480261616481941,0.06378240981647451,0.2432929590136627,-0.12275208714944844,-0.08386016033651343,-0.1147129356660368,-0.07628353601423161,-0.10128656035521763,0.06056482218876272
130,0.06254423216284243,-0.02494905313177683,-0.12493972712237057,0.09122002266857011,0.20502218688718699,-0.044987379966473215,0.0491141040250477,0.10613810633226965,-0.11732699405709338,-0.2740366922860395
131,0.1531629515939457,0.030961932783364975,-0.026632528760241928,-0.00853417680139806,0.03536922921211623,0.06542181766606321,-0.08264200528714707,0.011230824701382099,0.03756346336198605,-0.02273236979423189
132,-0.14064806696510906,0.11171461607248749,0.0450779417793474,0.1593139616900441,-0.07384839736417009,0.0038682921280671244,-0.1076235452237928,0.06203821414290945,-0.04119206895185806,0.13988192829062665
133,0.1613687605726297,-0.25290776051492897,-0.12532916708526162,-0.041246082315186276,-0.09915766718761873,-0.03527153204949322,0.007058920109700343,-0.024218634962604606,0.11189454274689378,0.09890445514173767
134,-0.0369122538317404,-0.016613853021103835,-0.04057556630745583,0.0037750561203041787,0.12392965706932318,-0.024442314963135526,0.0683785185053173,-0.10053819197857353,0.009569833513296641,-0.04541036523471654
135,-0.053510691521892924,0.12718488718882254,-0.0542260990452442,-0.031146878631590585,-0.03409696308353111,0.1766959169532763,-0.1389688692056589,-0.1618343236248394,0.07625870595410131,0.16923995094802435
136,-0.0024378631546021147,0.016005079627640632,-0.014108087586184224,-0.12955771795058055,0.0029566317593018687,0.04136869614382624,-0.011860772533462063,-0.08819613274750258,-0.1519803172747095,0.036722816637003004
137,-0.0011222073811172752,-0.013803033272330923,0.027719773261126516,0.04701937028217944,-0.005075597145670663,-0.04308214505907984,0.0164240437701383,0.020073485746889354,-0.02973502505826979,0.07544655276650608
138,-0.03493868164448748,-0.012948467540684955,0.031368473594340106,0.09623208588362303,-0.061265124060639636,-0.11261333087899034,0.15659017252087806,0.11051308287260839,0.07265280445267634,-0.10157657183937392
139,-0.18856223308635794,-0.10203855057264014,0.05092820292271446,0.07870886625537382,-0.1634061357579209,0.029572077639580634,-0.009057615561786673,0.20454297921888362,-0.1220433687408793,-0.15084897275476095
140,-0.08980241844130646,-0.09805485408758088,0.06112563931953628,0.018394892806706756,0.043770636665953905,0.10771150699580873,-0.06212687151433314,-0.05535974407614981,-0.019914406254100674,-0.01374103571134259
141,0.09335831543673324,0.057547843751782186,-0.12881373273571045,-0.002143646594307286,0.04364982041652683,-0.14257374495681283,-0.031047392059030194,0.1203379448619792,-0.061314360536937534,0.12995478007880876
142,-0.05061854538608206,-0.09398178365057218,0.2788950853370399,-0.09301007316665505,0.19959520736660807,-0.04235000610251745,-0.09060807893156521,0.0017464209099518277,0.2077310464026452,-0.25809769056817644
143,-0.0005488340539170806,0.07546381129997883,0.05428473839875823,-0.12580365297775742,0.03200230367378432,-0.16277338750688797,0.04133943699788691,-0.014472911088390605,-0.018672616204707924,-0.1596178337060731
144,-0.13215832476667216,-0.12457943280078197,-0.016886375046465243,-0.08720082554212542,0.09689196232181348,0.07496445824967564,0.0002077305565645933,0.021662494809566217,-0.16093710625802882,0.1745770554174484
145,0.005243929409329539,0.140148424627079,-0.10450907102178607,-0.06569521679647539,-0.025552712368887218,-0.1971507500919998,-0.01061674624301331,-0.05764458106233803,0.06936119299468833,-0.012661454162115213
146,-0.1875313091282468,0.14226932861914876,-0.03205937711046985,-0.03739196091208809,0.24801040374403466,0.07634963998799876,-0.2501109134518737,-0.2174656681302395,-0.010693573961870748,0.16944717746730367
147,0.0018983625402937295,-0.04918420214785163,-0.15233606617416298,0.10232414994658794,-0.019384971615523237,-0.026876804329204335,0.06373090500299901,-0.002205399308839279,-0.12465187120970606,0.1294608277819628
148,-0.08137840366294401,-0.1019777263846643,-0.024934236824886505,0.018329719821422955,-0.12733603268656873,0.042855635305723,-0.059250511771974095,0.09437888421669864,-0.0020389361872006854,-0.13664954603267954
149,-0.03758920144458122,0.04267879173506761,0.07570319900765932,-0.006497863343720404,0.02210033944468946,0.03656652101631465,-0.02584736036898572,-0.15368755375700544,0.021195404640447835,0.059926513573503905
150,-0.07681201015827212,-0.12118201540151746,0.09392071903404765,-0.0224659150376534,0.0006680479807342238,-0.05720896048503022,0.03695198565999355,0.1301828242335811,0.045641274586459175,0.00565910850631645
151,-0.011233490782849825,-0.05134735741561116,-0.06054472794723825,-0.00039392621693365714,-0.11853067141468382,0.11343166344101904,-0.02950983966857854,0.07407239781439405,0.0018781292605913101,0.14801900172066307
152,0.10558227084296541,-0.1535307162591813,-0.0527524243976139,-0.019270173470226217,0.10966730635301414,-0.1217888665296687,0.09403913284211986,0.10374217648344455,-0.05099872197404014,-0.07590149326539254
153,-0.06033437359681651,-0.021049001397385487,0.1331838485523861,-0.0007481843975299172,-0.02597782119087856,0.04364883009994369,0.03237113287647799,-0.12028407836919612,0.12815828544364347,-0.014065304670756631
154,-0.008001709918651817,-0.05380388123068237,0.041789282147735946,-0.08115448169639079,0.15652469323550333,0.1753028128086908,0.038586349751090834,-0.02830046472405451,0.10530377222024516,0.06639091321881445
155,0.1105330813124732,-0.12776188553514395,0.2188643056399606,-0.08722403428121737,0.01961120442721792,-0.07289723039530363,-0.048721242142684064,0.0932455389576499,0.027652783161951078,-0.05099542101913805
156,-0.07989707183995916,0.04503796531065,-0.041041580445394556,0.061339956170455685,-0.052270300669109766,-0.13863114631133372,-0.07210832454178945,-0.06082515181308596,0.09291198134745883,0.040029470138207776
157,0.09403515289607348,0.022033480463159234,0.01890182207450286,-0.029646802959101663,0.01835415720933571,0.07754782668365187,-0.10004447258489448,-0.006982328874486009,-0.22044667239366064,0.1479122894409214
158,0.04530808477667126,0.04490870568403589,-0.06438121726846005,-0.009884473064183656,-0.03724334361076164,0.07088106925115914,0.09898185517190528,-0.011061956024568767,-0.1769101437685148,-0.23994910918867954
159,-0.04275313368004504,0.040686522901337126,-0.024448610777159208,-0.020928494572260044,0.1005791794919742,0.08709054258732242,0.10752548696215448,0.00200307344838922,0.08151414037115642,0.03829123248373038
160,-0.07642085246442985,0.09862295996311737,-0.013130594370726272,-0.09254842645820789,-0.10838878986537105,0.005358150059975226,0.12442501403641923,-0.089865500281836,0.01555039603514404,0.05899666829211769
161,-0.016259604069438743,-0.03624437186541519,-0.021785564049871656,0.13274071131403992,0.014062986345444605,-0.12605766735698518,-0.1207571751689891,-0.0967004990738817,0.03868845510115935,-0.06251044828427679
162,-0.06220247868236485,-0.2690270664870683,0.08707125395930286,-0.08986944522578813,0.008559602503556996,-0.040166159894621925,-0.08415182161326266,0.040339183642901316,0.14879762704930655,0.03824091897888956
163,-0.023875740463152335,-0.10903654406423822,0.12089273017272237,0.09141557460483199,0.09081826995297808,-0.15267835412438557,0.06620406985311116,0.0014186879731486392,0.19112199708508304,-0.02059228712322252
164,0.11184439519407861,0.014624050236911226,-0.04081627463436194,0.04897724343924715,-0.028568844571628022,-0.11133781484615587,0.03058416829130974,-0.22056361288158025,-0.03375728794977948,0.09093505487834236
165,0.03059428822704182,0.0693689972652953,-0.06583290221917157,0.1683796424206686,-0.041920596567364285,0.006651180677983264,0.07314143093325202,-0.17468432176195436,-0.08546734970474142,-0.038502015100373765
166,-0.021810675263445725,-0.1538778441156578,0.20277109890455466,-0.1197992666281462,0.04461868875331109,-0.1327539443078787,0.04090603953704967,0.07491806391297365,0.031970472089613046,-0.036689476690842264
167,0.0960577451593051,-0.17555532329130735,0.05452243755850218,0.09752885414899765,-0.11584511555377096,-0.013784366509918704,0.11847102871541282,-0.20866710069631972,-0.06513898387581239,0.044055064708233706
168,-0.012934081709519984,0.04699941535086205,-0.1077639714497291,-0.20041329802848348,0.05734545089580211,-0.20725829987229766,0.08619129055201,-0.09226046850077253,0.022033865302997963,-0.017127563854946456
169,-0.07714169026566545,-0.08292961683352225,-0.023731147250552254,-0.0911572522039454,0.14088529063184851,-0.07441191162376412,0.08971739806372787,0.03907849903858682,-0.15967850754502486,-0.17965160324030693
170,-0.0038120439423574835,-0.17337067404523038,0.08768695903007818,-0.020679955793854288,0.10358558470955855,-0.07650316055315438,-0.1511409238121756,0.029503779429721266,-0.07024724852151157,0.10098019239130816
171,0.022399071648922082,0.034262328212715465,-0.0162724249297994,-0.10622567019027122,-0.10713843649161711,0.18292204776241008,-0.18402498180372584,0.08872340497004812,-0.04907512004696102,0.016978936965905855
172,-0.14742368724877103,0.10722083889455357,0.1452624579171233,-0.023734274351114984,0.03296606594374531,-0.05906485517138019,0.05855463394005112,0.09218151327900585,0.05049892883350238,-0.2671114791678312
173,-0.018079998386842842,-0.23569952740098096,-0.03602082388204227,0.15799013446243362,0.09052049519613746,-0.07627090943796086,0.02136072219302819,0.0936276879232397,-0.20387669236146286,0.0208661116023459
174,0.13184092817317067,-0.11613134441570369,0.19801341387734744,-0.08736561704172946,-0.0511077420526959,-0.07965388564360369,0.03105643840483527,-0.1016730544510589,0.026896905409412166,0.0035772443654137538
175,-0.056681190164084704,0.06097337421949179,-0.10024332271475728,0.004397384010732158,-0.09086129424888525,-0.29510571881941916,-0.05774281507872883,0.16539858502971205,0.09676019391796636,-0.035668223046249996
176,0.15372085819839007,0.03394255043282619,-0.1647467144238557,-0.07022462272369112,-0.009622032531472143,-0.05789267272421914,-0.13021279509169847,0.14325029168485948,-0.021723657439267484,-0.022265863655146958
177,-0.013890488444047253,-0.09391561968314348,-0.021537336455397543,0.04126907891076065,-0.0737380395375415,0.01107064464472261,0.06653471027417292,-0.042378202911808945,0.04318867008342463,0.1824582421882987
178,-0.043845521584134406,0.0960712769301928,0.052401802154317674,-0.014618217767622189,-0.03272344741493209,0.04101245481009316,-0.08409918194713865,0.04789559797323056,0.05755283493687787,0.032648182478983274
179,0.06452997652937324,0.10453501617992228,0.03716297382424598,0.05317545656986846,-0.24950967343637132,0.10254153430888606,-0.057349185567164604,0.04270039687527842,0.09157330008271679,-0.05364726708871361
180,-0.15067045053019945,-0.05625204487977967,0.17065854912205355,0.03147118683861021,-0.004840338892312261,0.08789622357786141,-0.05642393607069456,-0.021534597070025432,0.07079832814352899,0.07899598942410235
181,0.07082132680940656,-0.055740644630074256,0.06213804098395546,0.06333925514320116,-0.1755800660246163,0.04511949058822386,0.01438605233413431,-0.08750115370773057,-0.04896862577732329,-0.10427380465097623
182,0.06824204947144184,-0.1587154350683271,0.03356231647984881,-0.06914042234569687,0.15064181974246296,-0.12794681248882653,0.10971630656694784,0.049620455065643956,-0.04000119374564181,0.13995108437533188
183,-0.02429232473813542,-0.08006760612503618,0.13377987951603482,-0.09814652890351001,-0.08283897884269385,0.059322816715501436,-0.056656750176483195,0.00859706764961977,0.011773248228623542,-0.013848449886826724
184,0.02993354124783083,0.007216410023289238,-0.063742977261708,0.08625522686269342,-0.023422225454580482,-0.11294859622783128,-0.19769811515676702,0.039450072397667534,0.08904193955500697,0.10106921231679854
185,-0.10528371283767386,0.10011474561438524,-0.017943549933005957,-0.10937000192855786,-0.007263391886197548,-0.027899245358502047,0.027557615977401605,-0.016356518591967746,-0.011740261093697307,0.09549034538382539
186,0.07506086625268918,0.06798796337077398,0.08296662290983295,-0.06446525475190372,-0.13957527983791693,0.08656813301301547,-0.1535212140093785,0.0231647199972084,-0.10107501033993982,-0.03577324913094871
187,0.014481962752419619,0.03250387179980226,-0.07621374327993666,-0.1319478279323647,0.09666742222762462,0.09476004704659531,-0.07598569525098137,0.0449215744675351,-0.08117615185225908,0.042376653920185595
188,0.06164037732748184,-0.06952656638924641,0.05758252208267505,-0.024633813050288507,-0.022816048689763436,0.1162811173792818,0.03436221001751183,-0.058818301444580105,-0.1015834519886382,-0.15611219539067753
189,-0.1510728462455826,0.06951286204460887,-0.011755560503017857,0.1289618457764684,0.05375846068319847,-0.0058043979306086,-0.00973586416151588,0.04179332948261946,-0.00048358857338495455,0.015677073698189437
190,-0.03705641674730533,-0.017271244580317778,-0.14674518128260852,-0.13494834498675784,-0.04316412296179043,-0.0036843248105395817,-0.05897348430725855,-0.004635930579755815,-0.13315544550597985,-0.03517736912184393
191,-0.0705757084807742,-0.075365431930544,0.0640305079527447,-0.12665338697332276,0.09366764651325066,-0.11355009530254058,-0.09811269932809338,0.025161995758064857,-0.03288450848545436,0.09525585855105824
192,-0.15626085314178204,-0.011828928480092687,0.09823178036148164,0.20463187449001186,-0.058081630181517116,0.01525709303905716,0.05521684257591073,0.08635125895527465,-0.1137123868067769,-0.1398392709581758
193,-0.14937642182160438,-0.03282879567777082,-0.040280451883256845,0.12672671018907988,-0.04270516387362551,-0.010030798291895628,0.001120139752698206,-0.023545978553816793,0.06789089756365886,0.09620846022200724
194,0.050670842612823244,0.05684545543505078,0.06512406843492914,-0.016015032702223177,0.18452906292511762,-0.12836278351981784,0.13063109473437134,-0.060415049284073895,0.12483898845900517,0.19333812235013456
195,0.019098792614799007,0.04403427798286006,0.07106768554128141,-0.04159826530396249,0.19687952397277508,-0.2084302994701715,-0.02648602731184285,0.047522844756950317,-0.05488006331984569,-0.0248136660539027
196,-0.03404833619637592,0.03241659858189915,0.0657902854623513,-0.05792830744541594,0.021870428646871096,0.09982009866753824,0.03778382290418938,0.10456025262646607,0.08259168002765298,-0.07765275359174473
197,-0.08154995932793241,-0.11053178139673643,0.01756437718003362,0.08395249715783151,0.06582198524006343,-0.10140153729938094,0.10613697925791304,-0.06544088874876934,-0.06325124542374125,0.12271962413395052
198,-0.19985823770650812,-0.12727732193619826,-0.01808023401220425,-0.1402353579941637,-0.012264044059125125,0.018355005006632577,0.020691203477720434,-0.21144232634599938,0.038592583931183276,0.07181534941445276
199,-0.07161564765187056,-0.09649911892841093,0.10856695420197314,0.0470264605423221,0.00047979114402011384,-0.061814347246729955,0.024545255807294494,0.10206305714221214,0.04633866414181147,-0.030848093073349136
